create database Indian_Railway_Ticket_Booking;

use Indian_Railway_Ticket_Booking;

CREATE TABLE Passengers (
    passenger_id INT PRIMARY KEY ,
    name VARCHAR(255) NOT NULL,
    email VARCHAR(255) UNIQUE NOT NULL,
    phone_number VARCHAR(15) UNIQUE NOT NULL,
    age INT NOT NULL,
    gender ENUM('Male', 'Female', 'Other') NOT NULL
);

INSERT INTO Passengers (passenger_id, name, email, phone_number, age, gender) VALUES
(1, 'Rahul Sharma', 'rahul.sharma@gmail.com', '9976543210', 28, 'Male' ),
(2, 'Priya Singh', 'priya@gmail.com', '9823456789', 25, 'Female' ),
(3, 'Aniket Das', 'aniket@gmail.com', '9734567890', 32, 'Male'),
(4, 'Sourav Chatterjee', 'sourav@gmail.com', '9676543212', 40, 'Male'),
(5, 'Neha Agarwal', 'neha@gmail.com', '9598123456', 29, 'Female' ),
(6, 'Ravi Verma', 'ravi@gmail.com', '9456432189', 35, 'Male' ),
(7, 'Sonia Kapoor', 'sonia@gmail.com', '9365412378', 27, 'Female' ),
(8, 'Ankur Mishra', 'ankur@gmail.com', '9245213876', 30, 'Male' ),
(9, 'Manisha Yadav', 'manisha@gmail.com', '9187452367', 22, 'Female' ),
(10, 'Gaurav Tiwari', 'gaurav@gmail.com', '9032147852', 45, 'Male' ),
(11, 'Sandeep Patil', 'sandeep@gmail.com', '999213785', 33, 'Male' ),
(12, 'Kiran Nair', 'kiran@gmail.com', '9983147895', 29, 'Female' ),
(13, 'Ramesh Gupta', 'ramesh@gmail.com', '99714523697', 48, 'Male' ),
(14, 'Pooja Mehta', 'pooja@gmail.com', '9966321475', 26, 'Female' ),
(15, 'Aakash Singh', 'aakash@gmail.com', '9955412389', 31, 'Male' ),
(16, 'Deepika Joshi', 'deepika@gmail.com', '9946742314', 23, 'Female' ),
(17, 'Vivek Malhotra', 'vivek@gmail.com', '9935123784', 37, 'Male' ),
(18, 'Meera Sharma', 'meera@gmail.com', '9928741235', 28, 'Female' ),
(19, 'Nitin Saxena', 'nitin@gmail.com', '9912587412', 42, 'Male' ),
(20, 'Swati Arora', 'swati@gmail.com', '9907452361', 35, 'Female'),
(21, 'Rohit Bansal', 'rohit@gmail.com', '9729645879', 29, 'Male' ),
(22, 'Aishwarya Desai', 'aishwarya@gmail.com', '9818523978', 27, 'Female'),
(23, 'Harish Reddy', 'harish@gmail.com', '9657741236', 38, 'Male' ),
(24, 'Kavita Menon', 'kavita@gmail.com', '9746123654', 31, 'Female' ),
(25, 'Suresh Kumar', 'suresh@gmail.com', '9635548712', 50, 'Male' ),
(26, 'Ritika Sharma', 'ritika@gmail.com', '9894741253', 24, 'Female' ),
(27, 'Vikas Choudhary', 'vikas@gmail.com', '9723145876', 36, 'Male' ),
(28, 'Arun Nair', 'arun@gmail.com', '9872123658', 45, 'Male' ),
(29, 'Neetu Sinha', 'neetu@gmail.com', '9751741239', 29, 'Female' ),
(30, 'Sunil Khandelwal', 'sunil@gmail.com', '9630452784', 41, 'Male' ),
(31, 'Anjali Saxena', 'anjali@gmail.com', '9812943786', 26, 'Female' ),
(32, 'Rajesh Iyer', 'rajesh@gmail.com', '9823854712', 48, 'Male' ),
(33, 'Sneha Mukherjee', 'sneha@gmail.com', '9778761234', 25, 'Female' ),
(34, 'Mohit Sharma', 'mohit@gmail.com', '9687652364', 34, 'Male'),
(35, 'Pankaj Yadav', 'pankaj@gmail.com', '9638541259', 39, 'Male' ),
(36, 'Komal Deshmukh', 'komal@gmail.com', '9854423657', 28, 'Female' ),
(37, 'Arvind Joshi', 'arvind@gmail.com', '9745323698', 43, 'Male' ),
(38, 'Rashmi Kaur', 'rashmi@gmail.com', '9687251267', 30, 'Female' ),
(39, 'Vinay Shukla', 'vinay@gmail.com', '9732145689', 37, 'Male' ),
(40, 'Geeta Pillai', 'geeta@gmail.com', '9852047856', 29, 'Female' ),
(41, 'Aditya Sharma', 'aditya@gmail.com', '9865791236', 27, 'Male' ),
(42, 'Megha Reddy', 'megha@gmail.com', '9723188756', 30, 'Female' ),
(43, 'Sameer Verma', 'sameer@gmail.com', '9745173680', 35, 'Male'),
(44, 'Anusha Iyer', 'anusha@gmail.com', '9632167859', 28, 'Female'),
(45, 'Dinesh Kumar', 'dinesh@gmail.com', '9876553148', 42, 'Male' ),
(46, 'Kajal Tiwari', 'kajal@gmail.com', '9823644175', 24, 'Female' ),
(47, 'Rajeev Nanda', 'rajeev@gmail.com', '9732135879', 39, 'Male' ),
(48, 'Sakshi Malhotra', 'sakshi@gmail.com', '9812423687', 31, 'Female'),
(49, 'Vikram Chauhan', 'vikram@gmail.com', '9857412638', 33, 'Male' ),
(50, 'Nidhi Gupta', 'nidhi@gmail.com', '9741206589', 27, 'Female' ),
(51, 'Manoj Patil', 'manoj@gmail.com', '9632589479', 48, 'Male'),
(52, 'Tanisha Kapoor', 'tanisha@gmail.com', '9823148697', 29, 'Female' ),
(53, 'Harshad Yadav', 'harshad@gmail.com', '9754127896', 40, 'Male' ),
(54, 'Pallavi Deshmukh', 'pallavi@gmail.com', '9687457361', 26, 'Female' ),
(55, 'Rajat Bansal', 'rajat@gmail.com', '9723146856', 34, 'Male' ),
(56, 'Divya Sinha', 'divya@gmail.com', '9812455698', 32, 'Female' ),
(57, 'Pranav Joshi', 'pranav@gmail.com', '9658744235', 37, 'Male' ),
(58, 'Anjali Menon', 'anjali.m@gmail.com', '9745123658', 25, 'Female' ),
(59, 'Rakesh Sharma', 'rakesh@gmail.com', '9874122632', 41, 'Male'),
(60, 'Sneha Rao', 'sneha.rao@gmail.com', '9852361479', 28, 'Female'),
(61, 'Naveen Pillai', 'naveen@gmail.com', '9723140859', 35, 'Male'),
(62, 'Kirti Choudhary', 'kirti@gmail.com', '9632458912', 31, 'Female'),
(63, 'Rohan Tiwari', 'rohan@gmail.com', '9854126897', 39, 'Male' ),
(64, 'Priyanka Nair', 'priyanka@gmail.com', '9741236787', 27, 'Female' ),
(65, 'Gopal Kumar', 'gopal@gmail.com', '9632147656', 50, 'Male' ),
(66, 'Neelam Reddy', 'neelam@gmail.com', '9812453597', 24, 'Female' ),
(67, 'Suhas Gupta', 'suhas@gmail.com', '9723147454', 38, 'Male' ),
(68, 'Ritu Verma', 'ritu@gmail.com', '9745123385', 29, 'Female' ),
(69, 'Mahesh Nanda', 'mahesh@gmail.com', '9632581275', 42, 'Male' ),
(70, 'Aarti Malhotra', 'aarti@gmail.com', '9852361178', 28, 'Female' ),
(71, 'Sagar Chauhan', 'sagar@gmail.com', '9741236082', 33, 'Male' ),
(72, 'Sonali Gupta', 'sonali@gmail.com', '9812453696', 25, 'Female' ),
(73, 'Chetan Pillai', 'chetan@gmail.com', '9723147883', 41, 'Male' ),
(74, 'Rashika Sharma', 'rashika@gmail.com', '9658741274', 30, 'Female' ),
(75, 'Kishore Reddy', 'kishore@gmail.com', '9745123662', 39, 'Male' ),
(76, 'Ishita Joshi', 'ishita@gmail.com', '9812453659', 27, 'Female' ),
(77, 'Rajendra Tiwari', 'rajendra@gmail.com', '9854126346', 45, 'Male' ),
(78, 'Shruti Menon', 'shruti@gmail.com', '9741236533', 26, 'Female' ),
(79, 'Harish Kapoor', 'harish.k@gmail.com', '9632147825', 37, 'Male' ),
(80, 'Sonal Deshmukh', 'sonal@gmail.com', '9812453615', 29, 'Female' ),
(81, 'Amitav Sinha', 'amitav@gmail.com', '9723147801', 48, 'Male' ),
(82, 'Vandana Yadav', 'vandana@gmail.com', '9745123689', 31, 'Female' ),
(83, 'Deepak Joshi', 'deepak@gmail.com', '9632581478', 40, 'Male' ),
(84, 'Sana Arora', 'sana@gmail.com', '9852361477', 28, 'Female' ),
(85, 'Ajay Chauhan', 'ajay@gmail.com', '9741236586', 35, 'Male' ),
(86, 'Preeti Verma', 'preeti@gmail.com', '9812453695', 27, 'Female' ),
(87, 'Vishal Reddy', 'vishal@gmail.com', '9723147854', 44, 'Male' ),
(88, 'Jyoti Sharma', 'jyoti@gmailcom', '9658741233', 25, 'Female'),
(89, 'Arjun Kapoor', 'arjun@gmail.com', '9745123652', 38, 'Male'),
(90, 'Kavya Menon', 'kavya@gmail.com', '9812453681', 30, 'Female' ),
(91, 'Ravi Tiwari', 'ravi.t@gmail.com', '9854126390', 36, 'Male' ),
(92, 'Shravani Iyer', 'shravani@gmail.com', '9999236581', 28, 'Female' ),
(93, 'Bhaskar Deshmukh', 'bhaskar@gmail.com', '9998147858', 42, 'Male' ),
(94, 'Lata Kapoor', 'lata@gmail.com', '9997453693', 29, 'Female'),
(95, 'Prakash Yadav', 'prakash@gmail.com', '9996147852', 50, 'Male' ),
(96, 'Rohit Ahuja', 'rohit.ahuja@gmail.com', '9995567230', 29, 'Male' ),
(97, 'Sunita Mehta', 'sunita.mehta@gmail.com', '9994654789', 34, 'Female'),
(98, 'Arvind Nair', 'arvind.nair@gmail.com', '9993147857', 40, 'Male'),
(99, 'Simran Kaur', 'simran.kaur@gmail.com', '9992123654', 27, 'Female'),
(100, 'Raj Malhotra', 'raj.malhotra@gmail.com', '9991523147', 38, 'Male'),
(101, 'Snehal Patil', 'snehal.patil@gmail.com', '9990123455', 30, 'Female'),
(102, 'Aman Choudhury', 'aman.choudhury@gmail.com', '9732145875', 26, 'Male'),
(103, 'Juhi Sharma', 'juhi.sharma@gmail.com', '9812453677', 25, 'Female'),
(104, 'Kabir Bansal', 'kabir.bansal@gmail.com', '9857412639', 36, 'Male'),
(105, 'Ritika Tiwari', 'ritika.tiwari@gmail.com', '9741236579', 28, 'Female'),
(106, 'Harish Kumar', 'harish.kumar@gmail.com', '9632581476', 45, 'Male'),
(107, 'Ankita Sinha', 'ankita.sinha@gmail.com', '9723145698', 29, 'Female'),
(108, 'Vinod Joshi', 'vinod.joshi@gmail.com', '9754123897', 41, 'Male'),
(109, 'Payal Deshmukh', 'payal.deshmukh@gmail.com', '9687452360', 27, 'Female'),
(110, 'Ravi Batra', 'ravi.batra@gmail.com', '9723147852', 37, 'Male'),
(111, 'Aishwarya Pandey', 'aishwarya.pandey@gmail.com', '9812463581', 31, 'Female'),
(112, 'Deepak Reddy', 'deepak.reddy@gmail.com', '9658741003', 43, 'Male'),
(113, 'Neha Nanda', 'neha.nanda@gmail.com', '9745123656', 29, 'Female'),
(114, 'Suresh Verma', 'suresh.verma@gmail.com', '9874125630', 44, 'Male'),
(115, 'Tanya Kapoor', 'tanya.kapoor@gmail.com', '9852361473', 28, 'Female'),
(116, 'Kunal Singh', 'kunal.singh@gmail.com', '9723147858', 35, 'Male' ),
(117, 'Sonia Iyer', 'sonia.iyer@gmail.com', '9632458711', 30, 'Female'),
(118, 'Varun Tiwari', 'varun.tiwari@gmail.com', '9854126395', 39, 'Male'),
(119, 'Meera Nair', 'meera.nair@gmail.com', '9741236585', 26, 'Female'),
(120, 'Piyush Kumar', 'piyush.kumar@gmail.com', '9632147853', 50, 'Male'),
(121, 'Swati Yadav', 'swati.yadav@gmail.com', '9812453691', 24, 'Female'),
(122, 'Nikhil Gupta', 'nikhil.gupta@gmail.com', '9723147855', 38, 'Male'),
(123, 'Avni Verma', 'avni.verma@gmail.com', '9745123682', 29, 'Female'),
(124, 'Raghav Malhotra', 'raghav.malhotra@gmail.com', '9632581474', 42, 'Male'),
(125, 'Aparna Reddy', 'aparna.reddy@gmail.com', '9812453690', 27, 'Female'),
(126, 'Gautam Chauhan', 'gautam.chauhan@gmail.com', '9741236584', 33, 'Male'),
(127, 'Lavanya Tiwari', 'lavanya.tiwari@gmail.com', '9812453686', 25, 'Female'),
(128, 'Prakash Nair', 'prakash.nair@gmail.com', '9723147850', 41, 'Male'),
(129, 'Madhavi Sinha', 'madhavi.sinha@gmail.com', '9658741231', 30, 'Female'),
(130, 'Alok Joshi', 'alok.joshi@gmail.com', '9745123653', 39, 'Male'),
(131, 'Trisha Menon', 'trisha.menon@gmail.com', '9812453684', 28, 'Female'),
(132, 'Chetan Yadav', 'chetan.yadav@gmail.com', '9723147856', 44, 'Male'),
(133, 'Roshni Kapoor', 'roshni.kapoor@gmail.com', '9658741232', 25, 'Female'),
(134, 'Suraj Tiwari', 'suraj.tiwari@gmail.com', '9745123657', 38, 'Male'),
(135, 'Nikita Sharma', 'nikita.sharma@gmail.com', '9812453683', 30, 'Female'),
(136, 'Anmol Pillai', 'anmol.pillai@gmail.com', '9854126392', 36, 'Male'),
(137, 'Sadhna Iyer', 'sadhna.iyer@gmail.com', '9741236580', 27, 'Female'),
(138, 'Ramesh Kumar', 'ramesh.kumar@gmail.com', '9632147852', 42, 'Male'),
(139, 'Surbhi Deshmukh', 'surbhi.deshmukh@gmail.com', '9812453692', 29, 'Female'),
(140, 'Arvind Joshi', 'arvind.joshi@gmail.com', '9723147859', 50, 'Male'),
(141, 'Kanika Bansal', 'kanika.bansal@gmail.com', '9658741230', 28, 'Female'),
(142, 'Akhil Chauhan', 'akhil.chauhan@gmail.com', '9745123650', 35, 'Male'),
(143, 'Juhi Mehta', 'juhi.mehta@gmail.com', '9812453682', 27, 'Female'),
(144, 'Yogesh Kapoor', 'yogesh.kapoor@gmail.com', '9723147857', 45, 'Male'),
(145, 'Soumen Jana', 'soumen.jana@gmail.com', '6295824503', 25,'Male'),
(146, 'Anu Ghosh', 'anu.ghosh@gmail', '6296815430', 24, 'Female'),
(147, 'Ishika Saha', 'ishika.saha@gmail.com', '6289651250', 24,'Female'),
(148, 'Priyam Pal', 'priyam.@gmail.com', '6288762871', 28,'Male'),
(149, 'Soumyadeep Bhomick', 'bhomick.@gmail.com','7001258253',24,'Male'),
(150, 'Satabdi Mallick', 'mallick.@gmail.com', '7012592290', 29,'Female');



CREATE TABLE Trains (
    train_id INT PRIMARY KEY ,
    train_name VARCHAR(255) NOT NULL,
    train_type ENUM('Express', 'Superfast', 'Shatabdi', 'Rajdhani', 'Duronto', 'Local') NOT NULL,
    total_coaches INT NOT NULL
);

INSERT INTO Trains (train_id, train_name, train_type, total_coaches) VALUES
(1,'Rajdhani Express', 'Rajdhani', 18),
(2,'Duronto Express', 'Duronto', 16),
(3,'Howrah Shatabdi', 'Shatabdi', 12),
(4,'Bhopal Express', 'Express', 15),
(5,'Mumbai Local', 'Local', 10),
(6, 'Kolkata Shatabdi', 'Shatabdi', 12),
(7, 'Chennai Express', 'Express', 17),
(8, 'Delhi Superfast', 'Superfast', 14),
(9, 'Bangalore Rajdhani', 'Rajdhani', 19),
(10, 'Kolkata Duronto', 'Duronto', 16),
(11, 'Pune Local', 'Local', 10),
(12, 'Jammu Tawi Express', 'Express', 16),
(13, 'Amritsar Shatabdi', 'Shatabdi', 12),
(14, 'Goa Superfast', 'Superfast', 13),
(15, 'Ahmedabad Rajdhani', 'Rajdhani', 18),
(16, 'Patna Duronto', 'Duronto', 15),
(17, 'Hyderabad Express', 'Express', 16),
(18, 'Secunderabad Shatabdi', 'Shatabdi', 12),
(19, 'Coimbatore Superfast', 'Superfast', 14),
(20, 'Lucknow Rajdhani', 'Rajdhani', 17),
(21, 'Nagpur Duronto', 'Duronto', 15),
(22, 'Indore Express', 'Express', 15),
(23, 'Dehradun Shatabdi', 'Shatabdi', 12),
(24, 'Varanasi Superfast', 'Superfast', 13),
(25, 'Bhubaneswar Rajdhani', 'Rajdhani', 18),
(26, 'Ranchi Duronto', 'Duronto', 14),
(27, 'Kochi Express', 'Express', 16),
(28, 'Jaipur Superfast', 'Superfast', 14),
(29, 'Mysuru Shatabdi', 'Shatabdi', 12),
(30, 'Guwahati Rajdhani', 'Rajdhani', 17),
(31, 'Trivandrum Express', 'Express', 16),
(32, 'Gaya Superfast', 'Superfast', 13),
(33, 'Surat Duronto', 'Duronto', 15),
(34, 'Kanpur Local', 'Local', 10),
(35, 'Ranchi Express', 'Express', 15),
(36, 'Ujjain Superfast', 'Superfast', 13),
(37, 'Bareilly Shatabdi', 'Shatabdi', 12),
(38, 'Madurai Rajdhani', 'Rajdhani', 18),
(39, 'Raipur Duronto', 'Duronto', 16),
(40, 'Ajmer Express', 'Express', 14),
(41, 'Puri Superfast', 'Superfast', 13),
(42, 'Visakhapatnam Shatabdi', 'Shatabdi', 12),
(43, 'Gwalior Rajdhani', 'Rajdhani', 19),
(44, 'Jabalpur Express', 'Express', 16),
(45, 'Vadodara Superfast', 'Superfast', 14),
(46, 'Siliguri Duronto', 'Duronto', 15),
(47, 'Meerut Local', 'Local', 10),
(48, 'Ludhiana Express', 'Express', 15),
(49, 'Allahabad Shatabdi', 'Shatabdi', 12),
(50, 'Bikaner Superfast', 'Superfast', 13),
(51, 'Shimla Rajdhani', 'Rajdhani', 18),
(52, 'Jodhpur Express', 'Express', 16),
(53, 'Chandigarh Superfast', 'Superfast', 14),
(54, 'Nashik Duronto', 'Duronto', 15),
(55, 'Panvel Local', 'Local', 10);


CREATE TABLE Train_Schedule (
    schedule_id INT PRIMARY KEY ,
    train_id INT,
    source_station VARCHAR(255) NOT NULL,
    destination_station VARCHAR(255) NOT NULL,
    departure_time TIME NOT NULL,
    arrival_time TIME NOT NULL,
    travel_duration TIME NOT NULL,
    FOREIGN KEY (train_id) REFERENCES Trains(train_id)
);
INSERT INTO Train_Schedule (schedule_id,train_id, source_station, destination_station, departure_time, arrival_time, travel_duration) VALUES
(1,1, 'New Delhi','Mumbai Central','16:25:00','08:15:00','15:50:00'),
(2,2, 'Howrah', 'Mumbai CST', '08:20:00' ,'11:30:00','27:10:00'),
(3,3, 'Howrah','New Delhi','06:05:00','22:15:00','16:10:00'),
(4,4, 'Bhopal', 'New Delhi','20:55:00',	'06:20:00',	'09:25:00'),
(5,5,'Mumbai ', 'CSMT Panvel','06:00:00', '07:15:00','01:15:00'),
(6,6,'Howrah','New Jalpaiguri', '14:15:00', '22:00:00','07:45:00'),
(7,7, 'Chennai','Mumbai CST','17:00:00','06:55:00', '13:55:00'),
(8,8, 'New Delhi', 'Ahmedabad',	'23:00:00',	'09:30:00', '10:30:00'),
(9,9,'Bangalore','New Delhi','20:00:00', '05:55:00', '33:55:00'),
(10,10, 'Howrah','New Delhi','08:35:00','06:30:00',	'21:55:00'),
(11,11,'Pune','Lonavala',	'07:15:00',	'08:30:00','01:15:00'),
(12,12,'Jammu','New Delhi','18:55:00','05:20:00', '10:25:00'),
(13,13,'Amritsar', 'New Delhi', '05:00:00','11:00:00', '06:00:00'),
(14,14,'Madgaon','Mumbai CST', '20:30:00', '05:50:00',	'09:20:00'),
(15,15,'Ahmedabad', 'New Delhi','19:55:00','07:30:00','11:35:00'),
(16,16,'Patna','New Delhi','20:45:00',	'07:30:00', '10:45:00'),
(17,17,'Hyderabad','Chennai','16:30:00','06:45:00','14:15:00'),
(18,18,'Secunderabad',	'Bangalore','06:00:00',	'14:30:00', '08:30:00'),
(19,19,	'Coimbatore','Chennai',	'05:15:00',	'14:00:00',	'08:45:00'),
(20,20,	'Lucknow', 'New Delhi',	'19:05:00',	'06:30:00','11:25:00'),
(21,21,'Nagpur','Mumbai CST',	'20:40:00','08:15:00','11:35:00'),
(22,22, 'Indore',	'New Delhi','21:30:00','08:00:00', '10:30:00'),
(23,23,'Dehradun',	'New Delhi','06:45:00',	'12:50:00',	'06:05:00'),
(24,24,'Varanasi','New Delhi','18:30:00','06:50:00','12:20:00'),
(25,25,'Bhubaneswar','New Delhi','11:30:00','08:25:00','20:55:00'),
(26,26,'Ranchi','Howrah','20:10:00','05:00:00','08:50:00'),
(27,27,'Kochi','Chennai','19:30:00','07:30:00','12:00:00'),
(28,28,	'Jaipur','New Delhi','06:00:00','11:10:00','05:10:00'),
(29,29,'Mysuru','Chennai','14:15:00','21:15:00','07:00:00'),
(30,30,'Guwahati','New Delhi','21:00:00','11:30:00','38:30:00'),
(31,31,'Trivandrum','Chennai','16:30:00','06:30:00','14:00:00'),
(32,32,'Gaya','New Delhi','22:15:00','09:20:00','11:05:00'),
(33,33,'Surat','Mumbai CST','22:30:00','05:45:00','07:15:00'),
(34,34,'Kanpur','Lucknow','06:30:00','07:45:00','01:15:00'),
(35,35,'Ranchi','New Delhi','17:15:00','11:10:00','17:55:00'),
(36,36,'Ujjain','New Delhi','19:10:00','06:30:00','11:20:00'),
(37,37,'Bareilly','New Delhi','06:30:00','12:30:00','06:00:00'),
(38,38,'Madurai','Chennai','18:50:00','05:30:00','10:40:00'),
(39,39,'Raipur','Mumbai CST','21:15:00','10:30:00','13:15:00'),
(40,40,'Ajmer','New Delhi','19:45:00','06:50:00','11:05:00'),
(41,41,'Puri','Howrah','21:10:00','06:50:00','09:40:00'),
(42,42,'Visakhapatnam','Howrah','06:00:00','14:50:00','08:50:00'),
(43,43,'Gwalior','New Delhi','22:00:00','06:10:00','08:10:00'),
(44,44,'Jabalpur','Mumbai CST','17:30:00','08:45:00','15:15:00'),
(45,45,'Vadodara','Mumbai CST','23:15:00','06:30:00','07:15:00'),
(46,46,'Siliguri','New Delhi','20:10:00','09:45:00','13:35:00'),
(47,47,'Meerut','New Delhi','06:15:00','07:50:00','01:35:00'),
(48,48,'Ludhiana','New Delhi','22:30:00','06:10:00','07:40:00'),
(49,49,'Allahabad','New Delhi','17:00:00','23:50:00','06:50:00'),
(50,50,'Bikaner','New Delhi','21:00:00','08:10:00','11:10:00'),
(51,51,'Kalka','New Delhi','06:30:00','11:00:00','04:30:00'),
(52,52,'Jodhpur','Mumbai CST','15:30:00','06:30:00','15:00:00'),
(53,53,'Chandigarh','New Delhi','07:00:00','11:00:00','04:00:00'),
(54,54,'Nashik','Mumbai CST','22:15:00','05:45:00','07:30:00'),
(55,55,'Panvel','Mumbai CST', '06:30:00', '07:45:00', '01:15:00');



CREATE TABLE Reservations (
    reservation_id INT PRIMARY KEY ,
    passenger_id INT,
    train_id INT,
    schedule_id INT,
    booking_date DATETIME DEFAULT CURRENT_TIMESTAMP,
    journey_date DATE NOT NULL,
    status ENUM('Confirmed', 'Waiting List', 'Cancelled') DEFAULT 'Confirmed',
    FOREIGN KEY (passenger_id) REFERENCES Passengers(passenger_id),
    FOREIGN KEY (train_id) REFERENCES Trains(train_id),
    FOREIGN KEY (schedule_id) REFERENCES Train_Schedule(schedule_id)
);

INSERT INTO Reservations (reservation_id,passenger_id, train_id, schedule_id,journey_date, status) VALUES
(1,1, 10, 5, '2025-03-01', 'Confirmed'),
(2,2, 15, 12, '2025-03-02', 'Waiting List'),
(3,3, 20, 17, '2025-03-03', 'Cancelled'),
(4,4, 5, 25, '2025-03-04', 'Confirmed'),
(5,5, 30, 8, '2025-03-05', 'Confirmed'),
(6,6, 40, 35, '2025-03-06', 'Waiting List'),
(7,7, 50, 44, '2025-03-07', 'Cancelled'),
(8,8, 22, 11, '2025-03-08', 'Confirmed'),
(9,9, 3, 2, '2025-03-09', 'Waiting List'),
(10,10, 11, 6, '2025-03-10', 'Confirmed'),
(11,11, 19, 14, '2025-03-11', 'Confirmed'),
(12,12, 27, 29, '2025-03-12', 'Cancelled'),
(13,13, 9, 7, '2025-03-13', 'Confirmed'),
(14,14, 14, 13, '2025-03-14', 'Waiting List'),
(15,15, 21, 21, '2025-03-15', 'Cancelled'),
(16,16, 35, 40, '2025-03-16', 'Confirmed'),
(17,17, 41, 50, '2025-03-17', 'Confirmed'),
(18,18, 6, 3,'2025-03-18', 'Waiting List'),
(19,19, 28, 30, '2025-03-19', 'Confirmed'),
(20,20, 55, 55, '2025-03-20', 'Cancelled'),
(21,21, 12, 9, '2025-03-21', 'Confirmed'),
(22,22, 23, 18, '2025-03-22', 'Waiting List'),
(23,23, 45, 42, '2025-03-23', 'Confirmed'),
(24,24, 17, 28, '2025-03-24', 'Confirmed'),
(25,25, 8, 4, '2025-03-25', 'Waiting List'),
(26,26, 16, 20, '2025-03-26', 'Cancelled'),
(27,27, 36, 41, '2025-03-27', 'Confirmed'),
(28,28, 43, 53, '2025-03-28', 'Confirmed'),
(29,29, 1, 1, '2025-03-29', 'Waiting List'),
(30,30, 50, 45, '2025-03-30', 'Cancelled'),
(31,31, 13, 15, '2025-03-31', 'Confirmed'),
(32,32, 42, 49, '2025-04-01', 'Confirmed'),
(33,33, 31, 31,'2025-04-02', 'Waiting List'),
(34,34, 29, 26,'2025-04-03', 'Confirmed'),
(35,35, 25, 24,'2025-04-04', 'Cancelled'),
(36,36, 38, 38, '2025-04-05', 'Confirmed'),
(37,37, 49, 48, '2025-04-06', 'Confirmed'),
(38,38, 26, 22, '2025-04-07', 'Waiting List'),
(39,39, 33, 33, '2025-04-08', 'Confirmed'),
(40,40, 48, 47, '2025-04-09', 'Cancelled'),
(41,41, 9, 10, '2025-04-10', 'Confirmed'),
(42,42, 19, 16, '2025-04-11', 'Waiting List'),
(43,43, 7, 5, '2025-04-12', 'Confirmed'),
(44,44, 21, 23,'2025-04-13', 'Confirmed'),
(45,45, 14, 14, '2025-04-14', 'Cancelled'),
(46,46, 32, 32, '2025-04-15', 'Confirmed'),
(47,47, 39, 39, '2025-04-16', 'Waiting List'),
(48,48, 44, 43, '2025-04-17', 'Confirmed'),
(49,49, 20, 19, '2025-04-18', 'Cancelled'),
(50,50, 51, 51,'2025-04-19', 'Confirmed'),
(51,51, 24, 27, '2025-04-20', 'Waiting List'),
(52,52, 15, 10, '2025-04-21', 'Confirmed'),
(53,53, 5, 6, '2025-04-22', 'Cancelled'),
(54,54, 18, 11, '2025-04-23', 'Confirmed'),
(55,55, 22, 13, '2025-04-24', 'Waiting List'),
(56,56, 37, 36, '2025-04-25', 'Confirmed'),
(57,57, 4, 2, '2025-04-26', 'Cancelled'),
(58,58, 30, 9, '2025-04-27', 'Confirmed'),
(59,59, 41, 46, '2025-04-28', 'Waiting List'),
(60,60, 3, 1, '2025-04-29', 'Confirmed'),
(61,61, 12, 8, '2025-04-30', 'Confirmed'),
(62,62, 28, 15, '2025-05-01', 'Waiting List'),
(63,63, 36, 21, '2025-05-02', 'Cancelled'),
(64,64, 44, 33, '2025-05-03', 'Confirmed'),
(65,65, 50, 42, '2025-05-04', 'Confirmed'),
(66,66, 11, 5, '2025-05-05', 'Waiting List'),
(67,67, 17, 17, '2025-05-06', 'Cancelled'),
(68,68, 22, 28, '2025-05-07', 'Confirmed'),
(69,69, 34, 40, '2025-05-08', 'Waiting List'),
(70,70, 46, 50, '2025-05-09', 'Confirmed'),
(71,71, 8, 4,'2025-05-10', 'Confirmed'),
(72,72, 14, 14,'2025-05-11', 'Waiting List'),
(73,73, 23, 23,'2025-05-12', 'Cancelled'),
(74,74, 37, 37,'2025-05-13', 'Confirmed'),
(75,75, 48, 48,'2025-05-14', 'Confirmed'),
(76,76, 6, 3, '2025-05-15', 'Waiting List'),
(77,77, 19, 16, '2025-05-16', 'Confirmed'),
(78,78, 32, 32, '2025-05-17', 'Cancelled'),
(79,79, 4, 2, '2025-05-18', 'Confirmed'),
(80,80, 10, 9, '2025-05-19', 'Waiting List'),
(81,81, 27, 27, '2025-05-20', 'Confirmed'),
(82,82, 39, 39, '2025-05-21', 'Cancelled'),
(83,83, 45, 45, '2025-05-22', 'Confirmed'),
(84,84, 55, 55, '2025-05-23', 'Waiting List'),
(85,85, 1, 1,'2025-05-24', 'Confirmed'),
(86,86, 9, 10, '2025-05-25', 'Cancelled'),
(87,87, 15, 12, '2025-05-26', 'Confirmed'),
(88,88, 20, 18,'2025-05-27', 'Waiting List'),
(89,89, 30, 30,'2025-05-28', 'Confirmed'),
(90,90, 42, 49,'2025-05-29', 'Cancelled'),
(91,91, 16, 20,'2025-05-30', 'Confirmed'),
(92,92, 33, 33,'2025-05-31', 'Waiting List'),
(93,93, 47, 47,'2025-06-01', 'Confirmed'),
(94,94, 52, 52,'2025-06-02', 'Cancelled'),
(95,95, 13, 15,'2025-06-03', 'Confirmed'),
(96,96, 21, 22,'2025-06-04', 'Waiting List'),
(97,97, 38, 38, '2025-06-05', 'Confirmed'),
(98,98, 5, 7,'2025-06-06', 'Cancelled'),
(99,99, 26, 26,'2025-06-07', 'Confirmed'),
(100,100, 41, 46,'2025-06-08', 'Waiting List'),
(101,101, 7, 9,'2025-06-09', 'Confirmed'),
(102,102, 14, 12,'2025-06-10', 'Waiting List'),
(103,103, 28, 25,'2025-06-11', 'Cancelled'),
(104,104, 35, 31,'2025-06-12', 'Confirmed'),
(105,105, 44, 38,'2025-06-13', 'Waiting List'),
(106,106, 51, 44,'2025-06-14', 'Cancelled'),
(107,107, 8, 6,'2025-06-15', 'Confirmed'),
(108,108, 19, 18,'2025-06-16', 'Waiting List'),
(109,109, 24, 21,'2025-06-17', 'Confirmed'),
(110,110, 31, 29,'2025-06-18', 'Cancelled'),
(111,111, 39, 36,'2025-06-19', 'Confirmed'),
(112,112, 47, 43,'2025-06-20', 'Waiting List'),
(113,113, 53, 50,'2025-06-21', 'Confirmed'),
(114,114, 4, 3,'2025-06-22', 'Cancelled'),
(115,115, 11,10,'2025-06-23', 'Confirmed'),
(116,116, 18, 16,'2025-06-24', 'Waiting List'),
(117,117, 26, 23,'2025-06-25', 'Confirmed'),
(118,118, 33, 30,'2025-06-26', 'Cancelled'),
(119,119, 41, 37,'2025-06-27', 'Confirmed'),
(120,120, 48, 45,'2025-06-28', 'Waiting List'),
(121,121, 6, 5,'2025-06-29', 'Confirmed'),
(122,122, 22, 22,'2025-06-30', 'Cancelled'),
(123,123, 27, 26,'2025-07-01', 'Confirmed'),
(124,124, 38, 35,'2025-07-02', 'Waiting List'),
(125,125, 43, 40,'2025-07-03', 'Confirmed'),
(126,126, 50, 48,'2025-07-04', 'Cancelled'),
(127,127, 3, 2,'2025-07-05', 'Confirmed'),
(128,128, 13, 14,'2025-07-06', 'Waiting List'),
(129,129, 29, 27,'2025-07-07', 'Cancelled'),
(130,130, 36, 33,'2025-07-08', 'Confirmed'),
(131,131, 42, 39,'2025-07-09', 'Waiting List'),
(132,132, 49, 46,'2025-07-10', 'Confirmed'),
(133,133, 2, 1,'2025-07-11', 'Cancelled'),
(134,134, 12, 11,'2025-07-12', 'Confirmed'),
(135,135, 20, 19,'2025-07-13', 'Waiting List'),
(136,136, 30, 31,'2025-07-14', 'Confirmed'),
(137,137, 37, 34,'2025-07-15', 'Cancelled'),
(138,138, 46, 42,'2025-07-16', 'Confirmed'),
(139,139, 54, 55,'2025-07-17', 'Waiting List'),
(140,140, 7, 8,'2025-07-18', 'Confirmed'),
(141,141, 25, 24,'2025-07-19', 'Cancelled'),
(142,142, 34, 32,'2025-07-20', 'Confirmed'),
(143,143, 40, 38,'2025-07-21', 'Waiting List'),
(144,144, 45, 41,'2025-07-22', 'Confirmed'),
(145,145, 52, 49,'2025-07-23', 'Cancelled'),
(146,146, 5, 4,'2025-07-24', 'Confirmed'),
(147,147, 16, 17,'2025-07-25', 'Waiting List'),
(148,148, 28, 28,'2025-07-26', 'Cancelled'),
(149,149, 32, 30,'2025-07-27', 'Confirmed'),
(150,150, 55, 54,'2025-07-28', 'Waiting List');


CREATE TABLE Payments (
    payment_id INT PRIMARY KEY ,
    reservation_id INT,
    amount DECIMAL(10,2) NOT NULL,
    payment_mode ENUM('Credit Card', 'Debit Card', 'UPI', 'Net Banking') NOT NULL,
    payment_status ENUM('Success', 'Pending', 'Failed') DEFAULT 'Success',
    transaction_date TIMESTAMP DEFAULT CURRENT_TIMESTAMP,
    FOREIGN KEY (reservation_id) REFERENCES Reservations(reservation_id)
);

INSERT INTO Payments (payment_id,reservation_id, amount, payment_mode, payment_status, transaction_date) VALUES
(1,1, 750.00, 'UPI', 'Success', '2025-06-01 10:15:30'),
(2,2, 1250.50, 'Credit Card', 'Pending', '2025-06-02 12:25:45'),
(3,3, 920.75, 'Debit Card', 'Success', '2025-06-03 09:35:20'),
(4,4, 540.00, 'Net Banking', 'Failed', '2025-06-04 14:45:55'),
(5,5, 1345.25, 'UPI', 'Success', '2025-06-05 11:05:10'),
(6,6, 780.00, 'Credit Card', 'Success', '2025-06-06 16:20:35'),
(7,7, 1500.00, 'Debit Card', 'Pending', '2025-06-07 08:55:40'),
(8,8, 600.75, 'Net Banking', 'Success', '2025-06-08 18:30:25'),
(9,9, 875.50, 'UPI', 'Failed', '2025-06-09 13:40:50'),
(10,10, 990.00, 'Credit Card', 'Success', '2025-06-10 15:10:15'),
(11,11, 1020.25, 'Debit Card', 'Pending', '2025-06-11 17:55:30'),
(12,12, 765.00, 'Net Banking', 'Success', '2025-06-12 11:25:45'),
(13,13, 1100.50, 'UPI', 'Success', '2025-06-13 14:05:20'),
(14,14, 680.75, 'Credit Card', 'Failed', '2025-06-14 19:40:55'),
(15,15, 1340.00, 'Debit Card', 'Success', '2025-06-15 09:15:10'),
(16,16, 875.25, 'Net Banking', 'Pending', '2025-06-16 21:20:35'),
(17,17, 1505.75, 'UPI', 'Success', '2025-06-17 07:30:40'),
(18,18, 540.50, 'Credit Card', 'Success', '2025-06-18 10:55:25'),
(19,19, 1250.00, 'Debit Card', 'Failed', '2025-06-19 14:40:50'),
(20,20, 920.75, 'Net Banking', 'Success', '2025-06-20 13:10:15'),
(21,21, 1025.00, 'UPI', 'Pending', '2025-06-21 16:35:30'),
(22,22, 1345.50, 'Credit Card', 'Success', '2025-06-22 08:45:45'),
(23,23, 765.75, 'Debit Card', 'Success', '2025-06-23 19:55:20'),
(24,24, 600.00, 'Net Banking', 'Failed', '2025-06-24 12:25:55'),
(25,25, 990.25, 'UPI', 'Success', '2025-06-25 14:05:10'),
(26,26, 1500.75, 'Credit Card', 'Success', '2025-06-26 17:20:35'),
(27,27, 680.00, 'Debit Card', 'Pending', '2025-06-27 09:30:40'),
(28,28, 875.50, 'Net Banking', 'Success', '2025-06-28 10:55:25'),
(29,29, 1340.75, 'UPI', 'Failed', '2025-06-29 12:40:50'),
(30,30, 540.25, 'Credit Card', 'Success', '2025-06-30 15:10:15'),
(31,31, 980.00, 'Credit Card', 'Success', '2025-06-30 18:20:30'),
(32,32, 1325.50, 'Debit Card', 'Pending', '2025-07-01 10:15:45'),
(33,33, 820.75, 'UPI', 'Success', '2025-07-02 12:35:20'),
(34,34, 750.00, 'Net Banking', 'Failed', '2025-07-03 14:50:55'),
(35,35, 1105.25, 'Credit Card', 'Success', '2025-07-04 09:05:10'),
(36,36, 790.00, 'Debit Card', 'Success', '2025-07-05 16:20:35'),
(37,37, 1480.00, 'UPI', 'Pending', '2025-07-06 08:55:40'),
(38,38, 675.75, 'Net Banking', 'Success', '2025-07-07 18:30:25'),
(39,39, 900.50, 'Credit Card', 'Failed', '2025-07-08 13:40:50'),
(40,40, 1045.00, 'Debit Card', 'Success', '2025-07-09 15:10:15'),
(41,41, 995.25, 'UPI', 'Pending', '2025-07-10 17:55:30'),
(42,42, 725.00, 'Net Banking', 'Success', '2025-07-11 11:25:45'),
(43,43, 1200.50, 'Credit Card', 'Success', '2025-07-12 14:05:20'),
(44,44, 645.75, 'Debit Card', 'Failed', '2025-07-13 19:40:55'),
(45,45, 1320.00, 'UPI', 'Success', '2025-07-14 09:15:10'),
(46,46, 850.25, 'Net Banking', 'Pending', '2025-07-15 21:20:35'),
(47,47, 1450.75, 'Credit Card', 'Success', '2025-07-16 07:30:40'),
(48,48, 570.50, 'Debit Card', 'Success', '2025-07-17 10:55:25'),
(49,49, 1185.00, 'UPI', 'Failed', '2025-07-18 14:40:50'),
(50,50, 940.75, 'Net Banking', 'Success', '2025-07-19 13:10:15'),
(51,51, 995.00, 'Credit Card', 'Pending', '2025-07-20 16:35:30'),
(52,52, 1285.50, 'Debit Card', 'Success', '2025-07-21 08:45:45'),
(53,53, 720.75, 'UPI', 'Success', '2025-07-22 19:55:20'),
(54,54, 610.00, 'Net Banking', 'Failed', '2025-07-23 12:25:55'),
(55,55, 1020.25, 'Credit Card', 'Success', '2025-07-24 14:05:10'),
(56,56, 1485.75, 'Debit Card', 'Success', '2025-07-25 17:20:35'),
(57,57, 680.00, 'UPI', 'Pending', '2025-07-26 09:30:40'),
(58,58, 855.50, 'Net Banking', 'Success', '2025-07-27 10:55:25'),
(59,59, 1300.75, 'Credit Card', 'Failed', '2025-07-28 12:40:50'),
(60,60, 580.25, 'Debit Card', 'Success', '2025-07-29 15:10:15'),
(61,61, 1120.00, 'UPI', 'Pending', '2025-07-30 16:35:30'),
(62,62, 1345.50, 'Net Banking', 'Success', '2025-07-31 08:45:45'),
(63,63, 785.75, 'Credit Card', 'Success', '2025-08-01 19:55:20'),
(64,64, 630.00, 'Debit Card', 'Failed', '2025-08-02 12:25:55'),
(65,65, 960.25, 'UPI', 'Success', '2025-08-03 14:05:10'),
(66,66, 1530.75, 'Net Banking', 'Success', '2025-08-04 17:20:35'),
(67,67, 700.00, 'Credit Card', 'Pending', '2025-08-05 09:30:40'),
(68,68, 890.50, 'Debit Card', 'Success', '2025-08-06 10:55:25'),
(69,69, 1250.75, 'UPI', 'Failed', '2025-08-07 12:40:50'),
(70,70, 600.25, 'Net Banking', 'Success', '2025-08-08 15:10:15'),
(71,71, 1175.00, 'Credit Card', 'Pending', '2025-08-09 16:35:30'),
(72,72, 1390.50, 'Debit Card', 'Success', '2025-08-10 08:45:45'),
(73,73, 755.75, 'UPI', 'Success', '2025-08-11 19:55:20'),
(74,74, 650.00, 'Net Banking', 'Failed', '2025-08-12 12:25:55'),
(75,75, 1050.25, 'Credit Card', 'Success', '2025-08-13 14:05:10'),
(76,76, 1600.75, 'Debit Card', 'Success', '2025-08-14 17:20:35'),
(77,77, 725.00, 'UPI', 'Pending', '2025-08-15 09:30:40'),
(78,78, 925.50, 'Net Banking', 'Success', '2025-08-16 10:55:25'),
(79,79, 1355.75, 'Credit Card', 'Failed', '2025-08-17 12:40:50'),
(80,80, 620.25, 'Debit Card', 'Success', '2025-08-18 15:10:15'),
(81,81, 1140.00, 'UPI', 'Pending', '2025-08-19 16:35:30'),
(82,82, 1425.50, 'Net Banking', 'Success', '2025-08-20 08:45:45'),
(83,83, 825.75, 'Credit Card', 'Success', '2025-08-21 19:55:20'),
(84,84, 670.00, 'Debit Card', 'Failed', '2025-08-22 12:25:55'),
(85,85, 990.25, 'UPI', 'Success', '2025-08-23 14:05:10'),
(86,86, 1650.75, 'Net Banking', 'Success', '2025-08-24 17:20:35'),
(87,87, 750.00, 'Credit Card', 'Pending', '2025-08-25 09:30:40'),
(88,88, 950.50, 'Debit Card', 'Success', '2025-08-26 10:55:25'),
(89,89, 1405.75, 'UPI', 'Failed', '2025-08-27 12:40:50'),
(90,90, 640.25, 'Net Banking', 'Success', '2025-08-28 15:10:15'),
(91,91, 1220.00, 'Credit Card', 'Pending', '2025-08-29 16:35:30'),
(92,92, 1465.50, 'Debit Card', 'Success', '2025-08-30 08:45:45'),
(93,93, 855.75, 'UPI', 'Success', '2025-08-31 19:55:20'),
(94,94, 680.00, 'Net Banking', 'Failed', '2025-09-01 12:25:55'),
(95,95, 1025.50, 'Credit Card', 'Success', '2025-09-02 14:05:10'),
(96,96, 1700.75, 'Debit Card', 'Success', '2025-09-03 17:20:35'),
(97,97, 775.00, 'UPI', 'Pending', '2025-09-04 09:30:40'),
(98,98, 975.50, 'Net Banking', 'Success', '2025-09-05 10:55:25'),
(99,99, 1450.75, 'Credit Card', 'Failed', '2025-09-06 12:40:50'),
(100,100, 660.25, 'Debit Card', 'Success', '2025-09-07 15:10:15'),
(101,101, 1180.00, 'UPI', 'Pending', '2025-09-08 16:35:30'),
(102,102, 1505.50, 'Net Banking', 'Success', '2025-09-09 08:45:45'),
(103,103, 880.75, 'Credit Card', 'Success', '2025-09-10 19:55:20'),
(104,104, 690.00, 'Debit Card', 'Failed', '2025-09-11 12:25:55'),
(105,105, 1035.25, 'UPI', 'Success', '2025-09-12 14:05:10'),
(106,106, 1725.75, 'Net Banking', 'Success', '2025-09-13 17:20:35'),
(107,107, 800.00, 'Credit Card', 'Pending', '2025-09-14 09:30:40'),
(108,108, 1000.50, 'Debit Card', 'Success', '2025-09-15 10:55:25'),
(109,109, 1500.75, 'UPI', 'Failed', '2025-09-16 12:40:50'),
(110,110, 680.25, 'Net Banking', 'Success', '2025-09-17 15:10:15'),
(111,111, 1245.00, 'Credit Card', 'Pending', '2025-09-18 16:35:30'),
(112,112, 1550.50, 'Debit Card', 'Success', '2025-09-19 08:45:45'),
(113,113, 910.75, 'UPI', 'Success', '2025-09-20 19:55:20'),
(114,114, 700.00, 'Net Banking', 'Failed', '2025-09-21 12:25:55'),
(115,115, 1075.25, 'Credit Card', 'Success', '2025-09-22 14:05:10'),
(116,116, 1780.75, 'Debit Card', 'Success', '2025-09-23 17:20:35'),
(117,117, 825.00, 'UPI', 'Pending', '2025-09-24 09:30:40'),
(118,118, 1025.50, 'Net Banking', 'Success', '2025-09-25 10:55:25'),
(119,119, 1575.75, 'Credit Card', 'Failed', '2025-09-26 12:40:50'),
(120,120, 720.25, 'Debit Card', 'Success', '2025-09-27 15:10:15'),
(121,121, 1025.00, 'Credit Card', 'Success', '2025-07-21 14:40:50'),
(122,122, 1345.50, 'Debit Card', 'Pending', '2025-07-22 16:10:15'),
(123,123, 765.75, 'Net Banking', 'Success', '2025-07-23 19:35:30'),
(124,124, 600.00, 'UPI', 'Success', '2025-07-24 12:45:45'),
(125,125, 990.25, 'Credit Card', 'Failed', '2025-07-25 08:55:20'),
(126,126, 1500.75, 'Debit Card', 'Success', '2025-07-26 10:25:55'),
(127,127, 680.00, 'Net Banking', 'Success', '2025-07-27 13:05:10'),
(128,128, 875.50, 'UPI', 'Pending', '2025-07-28 17:20:35'),
(129,129, 1340.75, 'Credit Card', 'Success', '2025-07-29 09:30:40'),
(130,130, 540.25, 'Debit Card', 'Success', '2025-07-30 10:55:25'),
(131,131, 1250.00, 'Net Banking', 'Failed', '2025-07-31 12:40:50'),
(132,132, 920.75, 'UPI', 'Success', '2025-08-01 15:10:15'),
(133,133, 1025.00, 'Credit Card', 'Pending', '2025-08-02 16:35:30'),
(134,134, 1345.50, 'Debit Card', 'Success', '2025-08-03 08:45:45'),
(135,135, 765.75, 'Net Banking', 'Success', '2025-08-04 19:55:20'),
(136,136, 600.00, 'UPI', 'Failed', '2025-08-05 12:25:55'),
(137,137, 990.25, 'Credit Card', 'Success', '2025-08-06 14:05:10'),
(138,138, 1500.75, 'Debit Card', 'Success', '2025-08-07 17:20:35'),
(139,139, 680.00, 'Net Banking', 'Pending', '2025-08-08 09:30:40'),
(140,140, 875.50, 'UPI', 'Success', '2025-08-09 10:55:25'),
(141,141, 1340.75, 'Credit Card', 'Failed', '2025-08-10 12:40:50'),
(142,142, 540.25, 'Debit Card', 'Success', '2025-08-11 15:10:15'),
(143,143, 1250.00, 'Net Banking', 'Pending', '2025-08-12 16:35:30'),
(144,144, 920.75, 'UPI', 'Success', '2025-08-13 08:45:45'),
(145,145, 1025.00, 'Credit Card', 'Success', '2025-08-14 19:55:20'),
(146,146, 1345.50, 'Debit Card', 'Failed', '2025-08-15 12:25:55'),
(147,147, 765.75, 'Net Banking', 'Success', '2025-08-16 14:05:10'),
(148,148, 600.00, 'UPI', 'Success', '2025-08-17 17:20:35'),
(149,149, 990.25, 'Credit Card', 'Pending', '2025-08-18 09:30:40'),
(150,150, 1500.75, 'Debit Card', 'Success', '2025-08-19 10:55:25');

CREATE TABLE Cancellation (
    cancellation_id INT PRIMARY KEY ,
    reservation_id INT,
    refund_amount DECIMAL(10,2),
    cancellation_date TIMESTAMP DEFAULT CURRENT_TIMESTAMP,
    reason TEXT,
    FOREIGN KEY (reservation_id) REFERENCES Reservations(reservation_id)
);

INSERT INTO Cancellation (cancellation_id,reservation_id, refund_amount, cancellation_date, reason) VALUES
(1,12, 950.00, '2025-06-15 10:30:00', 'Passenger unable to travel'),
(2,25, 1250.50, '2025-06-20 14:45:00', 'Train delayed by more than 3 hours'),
(3,39, 675.75, '2025-07-02 18:10:00', 'Personal emergency'),
(4,52, 1025.00, '2025-07-10 08:20:00', 'Medical reasons'),
(5,63, 1440.25, '2025-07-15 12:35:00', 'Duplicate booking'),
(6,74, 820.50, '2025-07-22 16:50:00', 'Change in travel plans'),
(7,88, 990.75, '2025-08-05 09:15:00', 'Refund request due to service issue'),
(8,95, 1100.00, '2025-08-10 14:00:00', 'Passenger opted for another train'),
(9,109, 1355.50, '2025-08-18 19:45:00', 'Train cancellation'),
(10,115, 775.25, '2025-08-25 11:10:00', 'Incorrect booking details'),
(11,120, 1235.00, '2025-09-01 17:30:00', 'Schedule conflict');